idx,r,g,b,a,VIS,MSH,label,row
1,97,23,22,1.0,1.0,1.0,TMv,1.0
2,124,100,148,1.0,1.0,1.0,SSp-m6b,2.0
3,45,110,140,1.0,1.0,1.0,sec,3.0
4,87,181,14,1.0,1.0,1.0,IC,4.0
6,11,248,9,1.0,1.0,1.0,int,5.0
7,111,208,94,1.0,1.0,1.0,PSV,6.0
8,9,47,174,1.0,1.0,1.0,grey,7.0
9,162,233,124,1.0,1.0,1.0,SSp-tr6a,8.0
10,55,139,65,1.0,1.0,1.0,SCig,9.0
11,196,102,20,1.0,1.0,1.0,plf,10.0
12,89,55,43,1.0,1.0,1.0,IF,11.0
14,226,85,176,1.0,1.0,1.0,im,12.0
15,23,10,250,1.0,1.0,1.0,PT,13.0
16,237,48,27,1.0,1.0,1.0,6b,14.0
17,197,147,134,1.0,1.0,1.0,SCiw,15.0
18,64,107,196,1.0,1.0,1.0,nf,16.0
19,159,28,70,1.0,1.0,1.0,IG,17.0
20,61,70,91,1.0,1.0,1.0,ENTl2,18.0
21,164,16,39,1.0,1.0,1.0,lotg,19.0
22,135,229,117,1.0,1.0,1.0,PTLp,20.0
23,158,58,212,1.0,1.0,1.0,AAA,21.0
25,232,190,191,1.0,1.0,1.0,sif,22.0
26,13,191,132,1.0,1.0,1.0,SCdg,23.0
27,30,250,64,1.0,1.0,1.0,IGL,24.0
28,37,198,60,1.0,1.0,1.0,ENTl6a,25.0
29,65,80,126,1.0,1.0,1.0,sttl,26.0
30,14,70,220,1.0,1.0,1.0,PVa,27.0
31,234,26,106,1.0,1.0,1.0,ACA,28.0
33,249,90,133,1.0,1.0,1.0,VISp6a,29.0
34,149,96,29,1.0,1.0,1.0,icf,30.0
35,191,86,92,1.0,1.0,1.0,III,31.0
36,193,47,29,1.0,1.0,1.0,GU1,32.0
37,239,115,75,1.0,1.0,1.0,lab,33.0
38,36,221,231,1.0,1.0,1.0,PVH,34.0
39,28,233,97,1.0,1.0,1.0,ACAd,35.0
41,84,162,142,1.0,1.0,1.0,VISpm2/3,36.0
42,2,53,79,1.0,1.0,1.0,SCdw,37.0
43,187,8,16,1.0,1.0,1.0,apf,38.0
44,77,214,145,1.0,1.0,1.0,ILA,39.0
45,189,214,193,1.0,1.0,1.0,SPVOrdm,40.0
46,79,233,75,1.0,1.0,1.0,mfbsma,41.0
47,193,119,121,1.0,1.0,1.0,PVHam,42.0
48,75,115,20,1.0,1.0,1.0,ACAv,43.0
49,58,42,224,1.0,1.0,1.0,ipf,44.0
50,127,0,110,1.0,1.0,1.0,PRC,45.0
51,217,219,143,1.0,1.0,1.0,ILM,46.0
52,94,85,58,1.0,1.0,1.0,ENTl3,47.0
53,95,147,238,1.0,1.0,1.0,SPVOmdmd,48.0
54,87,204,113,1.0,1.0,1.0,mfb,49.0
55,118,196,53,1.0,1.0,1.0,PVHap,50.0
56,99,31,240,1.0,1.0,1.0,ACB,51.0
57,199,229,136,1.0,1.0,1.0,pms,52.0
58,202,78,239,1.0,1.0,1.0,MT,53.0
59,177,255,94,1.0,1.0,1.0,IMD,54.0
60,251,248,121,1.0,1.0,1.0,ENTl6b,55.0
61,83,129,1,1.0,1.0,1.0,SPVOmdmv,56.0
62,235,49,142,1.0,1.0,1.0,mlf,57.0
63,227,63,44,1.0,1.0,1.0,PVHd,58.0
64,61,50,114,1.0,1.0,1.0,AD,59.0
65,199,170,212,1.0,1.0,1.0,pfs,60.0
66,20,210,130,1.0,1.0,1.0,LT,61.0
67,110,227,169,1.0,1.0,1.0,INC,62.0
68,172,12,193,1.0,1.0,1.0,FRP1,63.0
69,18,112,237,1.0,1.0,1.0,SPVOvl,64.0
70,37,126,224,1.0,1.0,1.0,mfbsm,65.0
71,182,59,39,1.0,1.0,1.0,PVHm,66.0
72,53,5,82,1.0,1.0,1.0,ADP,67.0
73,140,103,8,1.0,1.0,1.0,VS,68.0
74,245,134,133,1.0,1.0,1.0,VISl6a,69.0
75,101,25,79,1.0,1.0,1.0,DT,70.0
76,64,234,248,1.0,1.0,1.0,INV,71.0
77,171,232,169,1.0,1.0,1.0,SPVOcdm,72.0
78,64,80,201,1.0,1.0,1.0,mcp,73.0
79,35,81,88,1.0,1.0,1.0,PVHmm,74.0
80,136,40,170,1.0,1.0,1.0,AHA,75.0
81,139,93,19,1.0,1.0,1.0,VL,76.0
82,67,30,15,1.0,1.0,1.0,NLLd,77.0
83,200,6,1,1.0,1.0,1.0,IO,78.0
84,113,217,200,1.0,1.0,1.0,PL6a,79.0
85,95,95,52,1.0,1.0,1.0,sct,80.0
86,81,49,8,1.0,1.0,1.0,mtc,81.0
87,164,184,231,1.0,1.0,1.0,PVHmpd,82.0
88,81,29,249,1.0,1.0,1.0,AHN,83.0
89,48,57,218,1.0,1.0,1.0,RC,84.0
90,168,7,215,1.0,1.0,1.0,NLLh,85.0
91,101,110,163,1.0,1.0,1.0,IP,86.0
92,186,207,30,1.0,1.0,1.0,ENTl4,87.0
93,58,193,69,1.0,1.0,1.0,moV,88.0
94,228,109,151,1.0,1.0,1.0,PVHp,89.0
95,175,136,70,1.0,1.0,1.0,AI,90.0
96,47,47,219,1.0,1.0,1.0,DCO,91.0
97,40,92,107,1.0,1.0,1.0,TEa1,92.0
98,254,53,168,1.0,1.0,1.0,SEZ,93.0
99,111,128,38,1.0,1.0,1.0,NLLv,94.0
100,62,50,14,1.0,1.0,1.0,IPN,95.0
101,211,148,243,1.0,1.0,1.0,VCO,96.0
102,160,204,22,1.0,1.0,1.0,nst,97.0
103,237,192,86,1.0,1.0,1.0,PVHpm,98.0
104,143,136,181,1.0,1.0,1.0,AId,99.0
105,45,132,51,1.0,1.0,1.0,SOCm,100.0
106,232,100,89,1.0,1.0,1.0,ISN,101.0
107,160,181,37,1.0,1.0,1.0,MO1,102.0
108,158,46,14,1.0,1.0,1.0,chpl,103.0
109,216,209,218,1.0,1.0,1.0,ntt,104.0
110,180,217,26,1.0,1.0,1.0,PVHpv,105.0
111,212,27,162,1.0,1.0,1.0,AIp,106.0
112,36,17,18,1.0,1.0,1.0,CNlam,107.0
113,9,104,9,1.0,1.0,1.0,SSp-ll2/3,108.0
114,172,235,195,1.0,1.0,1.0,SOCl,109.0
115,45,133,54,1.0,1.0,1.0,IV,110.0
116,243,152,48,1.0,1.0,1.0,chfl,111.0
117,230,221,138,1.0,1.0,1.0,och,112.0
118,72,15,114,1.0,1.0,1.0,PVi,113.0
119,113,126,230,1.0,1.0,1.0,AIv,114.0
120,176,241,220,1.0,1.0,1.0,AIp1,115.0
121,32,122,143,1.0,1.0,1.0,VISl6b,116.0
122,208,214,152,1.0,1.0,1.0,POR,117.0
123,18,146,21,1.0,1.0,1.0,KF,118.0
124,238,44,186,1.0,1.0,1.0,IVF,119.0
125,171,136,193,1.0,1.0,1.0,opt,120.0
126,41,252,65,1.0,1.0,1.0,PVp,121.0
127,201,31,197,1.0,1.0,1.0,AM,122.0
128,202,216,134,1.0,1.0,1.0,MRN,123.0
129,20,197,19,1.0,1.0,1.0,V3,124.0
130,195,194,120,1.0,1.0,1.0,CSm,125.0
131,36,210,210,1.0,1.0,1.0,LA,126.0
132,16,240,171,1.0,1.0,1.0,PL6b,127.0
133,94,78,94,1.0,1.0,1.0,PVpo,128.0
134,245,217,25,1.0,1.0,1.0,ptf,129.0
135,5,173,61,1.0,1.0,1.0,AMB,130.0
136,151,208,107,1.0,1.0,1.0,IRN,131.0
137,124,222,165,1.0,1.0,1.0,CSl,132.0
138,93,91,159,1.0,1.0,1.0,LAT,133.0
139,38,79,58,1.0,1.0,1.0,ENTl5,134.0
140,187,47,248,1.0,1.0,1.0,AQ,135.0
141,19,32,31,1.0,1.0,1.0,PVR,136.0
142,188,106,207,1.0,1.0,1.0,pap,137.0
143,214,24,203,1.0,1.0,1.0,AMBv,138.0
144,10,97,221,1.0,1.0,1.0,OT1-3,139.0
145,233,93,182,1.0,1.0,1.0,V4,140.0
146,104,156,218,1.0,1.0,1.0,PRNr,141.0
147,226,23,14,1.0,1.0,1.0,LC,142.0
148,109,34,145,1.0,1.0,1.0,GU4,143.0
149,94,98,66,1.0,1.0,1.0,PVT,144.0
150,4,210,203,1.0,1.0,1.0,pvbh,145.0
151,68,133,37,1.0,1.0,1.0,AOB,146.0
152,248,58,24,1.0,1.0,1.0,PIR1-3,147.0
153,24,122,221,1.0,1.0,1.0,V4r,148.0
154,52,219,33,1.0,1.0,1.0,PHY,149.0
155,104,8,248,1.0,1.0,1.0,LD,150.0
156,235,7,71,1.0,1.0,1.0,AUDd6a,151.0
157,2,180,210,1.0,1.0,1.0,PVZ,152.0
158,212,222,5,1.0,1.0,1.0,pc,153.0
159,83,3,207,1.0,1.0,1.0,AON,154.0
160,41,113,0,1.0,1.0,1.0,AON1,155.0
161,70,4,29,1.0,1.0,1.0,NIS,156.0
162,125,109,51,1.0,1.0,1.0,LDT,157.0
163,134,85,94,1.0,1.0,1.0,AIp2/3,158.0
164,131,28,217,1.0,1.0,1.0,c,159.0
165,132,55,182,1.0,1.0,1.0,RAmb,160.0
166,45,13,212,1.0,1.0,1.0,pmx,161.0
167,160,38,164,1.0,1.0,1.0,AONd,162.0
168,124,159,137,1.0,1.0,1.0,AON2,163.0
169,49,208,171,1.0,1.0,1.0,PRP,164.0
170,54,214,200,1.0,1.0,1.0,LGd,165.0
171,219,254,174,1.0,1.0,1.0,PL1,166.0
173,117,222,70,1.0,1.0,1.0,RCH,167.0
174,31,49,101,1.0,1.0,1.0,poc,168.0
175,80,33,196,1.0,1.0,1.0,AONe,169.0
177,99,217,238,1.0,1.0,1.0,NR,170.0
178,87,238,51,1.0,1.0,1.0,LGv,171.0
179,148,61,89,1.0,1.0,1.0,ACA6a,172.0
180,6,75,190,1.0,1.0,1.0,GU2/3,173.0
181,12,21,70,1.0,1.0,1.0,RE,174.0
182,109,32,94,1.0,1.0,1.0,php,175.0
183,109,204,12,1.0,1.0,1.0,AONl,176.0
184,150,74,60,1.0,1.0,1.0,FRP,177.0
185,210,182,179,1.0,1.0,1.0,PPYd,178.0
186,155,61,119,1.0,1.0,1.0,LH,179.0
187,119,29,93,1.0,1.0,1.0,GU5,180.0
188,62,233,208,1.0,1.0,1.0,AOBgl,181.0
189,250,248,55,1.0,1.0,1.0,RH,182.0
190,67,5,244,1.0,1.0,1.0,py,183.0
191,106,4,195,1.0,1.0,1.0,AONm,184.0
192,142,31,248,1.0,1.0,1.0,COAa1,185.0
193,34,250,72,1.0,1.0,1.0,PPYs,186.0
194,172,19,252,1.0,1.0,1.0,LHA,187.0
195,213,137,251,1.0,1.0,1.0,PL2,188.0
196,22,144,236,1.0,1.0,1.0,AOBgr,189.0
197,248,171,49,1.0,1.0,1.0,RL,190.0
198,114,151,53,1.0,1.0,1.0,pyd,191.0
199,247,1,9,1.0,1.0,1.0,AONpv,192.0
200,218,213,192,1.0,1.0,1.0,COAa2,193.0
201,175,211,4,1.0,1.0,1.0,SSp-bfd2/3,194.0
202,132,124,112,1.0,1.0,1.0,MV,195.0
203,85,47,4,1.0,1.0,1.0,LIN,196.0
204,203,73,72,1.0,1.0,1.0,AOBmi,197.0
205,35,245,91,1.0,1.0,1.0,rstl,198.0
206,237,243,71,1.0,1.0,1.0,RM,199.0
207,43,31,54,1.0,1.0,1.0,AP,200.0
208,98,218,219,1.0,1.0,1.0,COAa3,201.0
209,26,221,240,1.0,1.0,1.0,LAV,202.0
210,231,29,249,1.0,1.0,1.0,LM,203.0
211,96,119,144,1.0,1.0,1.0,ACAd2/3,204.0
212,176,77,30,1.0,1.0,1.0,MOBgl,205.0
213,127,61,201,1.0,1.0,1.0,rstm,206.0
214,4,36,200,1.0,1.0,1.0,RN,207.0
215,102,124,95,1.0,1.0,1.0,APN,208.0
216,23,167,97,1.0,1.0,1.0,COApl1,209.0
217,35,96,31,1.0,1.0,1.0,SUV,210.0
218,22,151,102,1.0,1.0,1.0,LP,211.0
219,228,6,226,1.0,1.0,1.0,MO2/3,212.0
220,171,16,2,1.0,1.0,1.0,MOBgr,213.0
221,44,239,33,1.0,1.0,1.0,rrt,214.0
222,115,202,57,1.0,1.0,1.0,RO,215.0
223,220,254,74,1.0,1.0,1.0,ARH,216.0
224,243,235,205,1.0,1.0,1.0,COApl2,217.0
225,122,115,132,1.0,1.0,1.0,SPIV,218.0
226,209,188,97,1.0,1.0,1.0,LPO,219.0
227,134,6,219,1.0,1.0,1.0,ACA6b,220.0
228,47,92,66,1.0,1.0,1.0,MOBipl,221.0
229,182,163,170,1.0,1.0,1.0,sV,222.0
230,71,25,187,1.0,1.0,1.0,RPA,223.0
231,90,59,116,1.0,1.0,1.0,AT,224.0
232,120,185,129,1.0,1.0,1.0,COApl3,225.0
233,59,75,176,1.0,1.0,1.0,VISal5,226.0
234,168,74,147,1.0,1.0,1.0,TEa4,227.0
235,192,142,118,1.0,1.0,1.0,LRN,228.0
236,162,149,11,1.0,1.0,1.0,MOBmi,229.0
237,237,131,249,1.0,1.0,1.0,ts,230.0
238,194,63,165,1.0,1.0,1.0,RPO,231.0
239,115,58,124,1.0,1.0,1.0,ATN,232.0
240,166,2,127,1.0,1.0,1.0,COApm1,233.0
241,14,244,15,1.0,1.0,1.0,PTLp2/3,234.0
242,180,196,88,1.0,1.0,1.0,LS,235.0
243,214,147,189,1.0,1.0,1.0,AUDd6b,236.0
244,132,92,4,1.0,1.0,1.0,MOBopl,237.0
245,99,157,134,1.0,1.0,1.0,scrt,238.0
246,239,250,152,1.0,1.0,1.0,RR,239.0
247,226,39,134,1.0,1.0,1.0,AUD,240.0
248,88,202,170,1.0,1.0,1.0,COApm2,241.0
249,56,19,118,1.0,1.0,1.0,AUDpo6a,242.0
250,29,85,199,1.0,1.0,1.0,LSc,243.0
251,67,110,177,1.0,1.0,1.0,AUDp2/3,244.0
252,99,77,16,1.0,1.0,1.0,AUDd5,245.0
253,21,24,193,1.0,1.0,1.0,shp,246.0
254,242,150,182,1.0,1.0,1.0,RSP,247.0
255,64,183,63,1.0,1.0,1.0,AV,248.0
256,72,83,36,1.0,1.0,1.0,COApm3,249.0
257,251,25,212,1.0,1.0,1.0,VISpm6a,250.0
258,119,185,50,1.0,1.0,1.0,LSr,251.0
259,80,244,227,1.0,1.0,1.0,ENTmv1,252.0
260,239,194,88,1.0,1.0,1.0,NLOT1,253.0
261,246,42,62,1.0,1.0,1.0,sop,254.0
262,242,218,138,1.0,1.0,1.0,RT,255.0
263,223,34,50,1.0,1.0,1.0,AVP,256.0
264,224,191,121,1.0,1.0,1.0,ORB1,257.0
266,222,80,203,1.0,1.0,1.0,LSv,258.0
267,87,249,226,1.0,1.0,1.0,DP6a,259.0
268,156,202,114,1.0,1.0,1.0,NLOT2,260.0
269,92,210,2,1.0,1.0,1.0,VISpl2/3,261.0
270,138,113,226,1.0,1.0,1.0,srp,262.0
271,106,170,140,1.0,1.0,1.0,SAG,263.0
272,39,183,138,1.0,1.0,1.0,AVPV,264.0
274,71,218,63,1.0,1.0,1.0,RSPd6a,265.0
275,190,79,102,1.0,1.0,1.0,LSX,266.0
276,126,27,117,1.0,1.0,1.0,PIR1,267.0
277,104,99,130,1.0,1.0,1.0,stp,268.0
278,138,179,1,1.0,1.0,1.0,sAMY,269.0
279,94,134,141,1.0,1.0,1.0,RSPagl6b,270.0
280,191,144,8,1.0,1.0,1.0,B,271.0
281,26,184,3,1.0,1.0,1.0,VISam1,272.0
283,142,23,64,1.0,1.0,1.0,LTN,273.0
284,35,205,78,1.0,1.0,1.0,PIR2,274.0
285,235,61,167,1.0,1.0,1.0,step,275.0
286,194,83,222,1.0,1.0,1.0,SCH,276.0
287,173,106,246,1.0,1.0,1.0,BAC,277.0
288,159,238,169,1.0,1.0,1.0,ORBvl2/3,278.0
289,31,41,117,1.0,1.0,1.0,TEa5,279.0
290,41,192,133,1.0,1.0,1.0,LZ,280.0
291,49,129,178,1.0,1.0,1.0,PIR3,281.0
292,17,237,179,1.0,1.0,1.0,BA,282.0
293,186,6,197,1.0,1.0,1.0,svp,283.0
294,176,84,62,1.0,1.0,1.0,SCm,284.0
295,233,221,158,1.0,1.0,1.0,BLA,285.0
296,168,191,146,1.0,1.0,1.0,ACAv2/3,286.0
297,228,69,9,1.0,1.0,1.0,TTd1-4,287.0
298,40,208,251,1.0,1.0,1.0,MA,288.0
299,54,224,251,1.0,1.0,1.0,MO5,289.0
300,89,87,172,1.0,1.0,1.0,LGvl,290.0
301,58,122,25,1.0,1.0,1.0,st,291.0
302,160,134,61,1.0,1.0,1.0,SCs,292.0
303,114,27,174,1.0,1.0,1.0,BLAa,293.0
304,106,21,134,1.0,1.0,1.0,PL2/3,294.0
305,155,85,147,1.0,1.0,1.0,VISp6b,295.0
306,102,9,67,1.0,1.0,1.0,TTv1-3,296.0
307,39,136,209,1.0,1.0,1.0,MARN,297.0
308,99,5,102,1.0,1.0,1.0,PTLp6a,298.0
309,168,192,115,1.0,1.0,1.0,snp,299.0
310,120,183,8,1.0,1.0,1.0,SF,300.0
311,59,185,76,1.0,1.0,1.0,BLAp,301.0
312,174,69,220,1.0,1.0,1.0,ENTl4/5,302.0
313,55,216,91,1.0,1.0,1.0,MB,303.0
314,136,78,179,1.0,1.0,1.0,AIp6a,304.0
315,127,42,134,1.0,1.0,1.0,Isocortex,305.0
316,101,164,136,1.0,1.0,1.0,LGvm,306.0
317,11,24,167,1.0,1.0,1.0,stf,307.0
318,28,191,128,1.0,1.0,1.0,SG,308.0
319,155,39,162,1.0,1.0,1.0,BMA,309.0
320,206,151,176,1.0,1.0,1.0,MOp1,310.0
321,93,124,190,1.0,1.0,1.0,SubG,311.0
322,249,16,54,1.0,1.0,1.0,SSp,312.0
323,15,15,36,1.0,1.0,1.0,MBmot,313.0
324,104,175,0,1.0,1.0,1.0,ENTmv2,314.0
325,101,178,44,1.0,1.0,1.0,SGN,315.0
326,104,129,86,1.0,1.0,1.0,scp,316.0
327,222,239,103,1.0,1.0,1.0,BMAa,317.0
328,251,18,78,1.0,1.0,1.0,AId2/3,318.0
329,65,233,247,1.0,1.0,1.0,SSp-bfd,319.0
330,143,110,103,1.0,1.0,1.0,RSPd6b,320.0
331,37,6,3,1.0,1.0,1.0,MBO,321.0
332,13,87,138,1.0,1.0,1.0,ASO,322.0
333,91,223,202,1.0,1.0,1.0,SH,323.0
334,66,154,69,1.0,1.0,1.0,BMAp,324.0
335,227,116,129,1.0,1.0,1.0,PERI6a,325.0
336,37,127,130,1.0,1.0,1.0,csc,326.0
337,242,241,25,1.0,1.0,1.0,SSp-ll,327.0
338,180,125,70,1.0,1.0,1.0,SFO,328.0
339,94,191,173,1.0,1.0,1.0,MBsen,329.0
340,86,121,124,1.0,1.0,1.0,PTLp6b,330.0
341,35,135,86,1.0,1.0,1.0,smd,331.0
342,101,50,228,1.0,1.0,1.0,SI,332.0
343,152,21,34,1.0,1.0,1.0,BS,333.0
344,231,88,119,1.0,1.0,1.0,AIp5,334.0
345,16,23,84,1.0,1.0,1.0,SSp-m,335.0
346,43,178,47,1.0,1.0,1.0,SSp2/3,336.0
347,59,219,113,1.0,1.0,1.0,SBPV,337.0
348,70,249,100,1.0,1.0,1.0,MBsta,338.0
349,135,131,53,1.0,1.0,1.0,sup,339.0
350,158,79,54,1.0,1.0,1.0,SLC,340.0
351,43,203,145,1.0,1.0,1.0,BST,341.0
352,8,79,1,1.0,1.0,1.0,ORB5,342.0
353,112,199,117,1.0,1.0,1.0,SSp-n,343.0
354,93,113,26,1.0,1.0,1.0,MY,344.0
355,67,76,246,1.0,1.0,1.0,AIp6b,345.0
356,149,171,43,1.0,1.0,1.0,PST,346.0
357,85,95,234,1.0,1.0,1.0,ttp,347.0
358,6,221,78,1.0,1.0,1.0,SLD,348.0
359,13,120,159,1.0,1.0,1.0,BSTa,349.0
360,77,76,17,1.0,1.0,1.0,DP2/3,350.0
361,90,54,211,1.0,1.0,1.0,SSp-tr,351.0
362,136,238,174,1.0,1.0,1.0,MD,352.0
363,166,60,147,1.0,1.0,1.0,PL5,353.0
364,127,97,113,1.0,1.0,1.0,PSTN,354.0
365,210,214,254,1.0,1.0,1.0,tp,355.0
366,188,119,114,1.0,1.0,1.0,SMT,356.0
367,154,167,84,1.0,1.0,1.0,BSTp,357.0
368,23,158,242,1.0,1.0,1.0,PERI6b,358.0
369,59,41,245,1.0,1.0,1.0,SSp-ul,359.0
370,49,82,46,1.0,1.0,1.0,MY-mot,360.0
371,21,222,88,1.0,1.0,1.0,ENTmv3,361.0
372,149,154,14,1.0,1.0,1.0,ICB,362.0
373,32,121,205,1.0,1.0,1.0,tct,363.0
374,16,63,120,1.0,1.0,1.0,SNc,364.0
375,120,159,184,1.0,1.0,1.0,CA,365.0
376,181,182,48,1.0,1.0,1.0,COApl1-3,366.0
377,201,84,165,1.0,1.0,1.0,VISpl6a,367.0
378,198,160,135,1.0,1.0,1.0,SSs,368.0
379,154,232,133,1.0,1.0,1.0,MY-sat,369.0
380,82,95,112,1.0,1.0,1.0,cuf,370.0
381,104,232,87,1.0,1.0,1.0,SNr,371.0
382,129,89,185,1.0,1.0,1.0,CA1,372.0
383,5,118,84,1.0,1.0,1.0,COApm1-3,373.0
384,98,126,45,1.0,1.0,1.0,IVd,374.0
385,129,7,178,1.0,1.0,1.0,VISp,375.0
386,117,193,154,1.0,1.0,1.0,MY-sen,376.0
387,100,26,122,1.0,1.0,1.0,ENTl5/6,377.0
388,210,153,9,1.0,1.0,1.0,grf,378.0
389,235,63,163,1.0,1.0,1.0,sttv,379.0
390,19,87,137,1.0,1.0,1.0,SO,380.0
391,211,80,105,1.0,1.0,1.0,CA1slm,381.0
392,112,173,236,1.0,1.0,1.0,NLOT1-3,382.0
393,103,63,199,1.0,1.0,1.0,VISpl6b,383.0
394,183,60,78,1.0,1.0,1.0,VISam,384.0
395,29,131,200,1.0,1.0,1.0,MDRN,385.0
396,131,211,98,1.0,1.0,1.0,iaf,386.0
397,192,80,252,1.0,1.0,1.0,vtd,387.0
398,47,100,16,1.0,1.0,1.0,SOC,388.0
399,47,77,91,1.0,1.0,1.0,CA1so,389.0
400,200,242,103,1.0,1.0,1.0,PAA1-3,390.0
401,30,235,163,1.0,1.0,1.0,VISam4,391.0
402,90,156,130,1.0,1.0,1.0,VISal,392.0
403,9,168,239,1.0,1.0,1.0,MEA,393.0
404,154,17,8,1.0,1.0,1.0,oct,394.0
405,159,174,244,1.0,1.0,1.0,vlt,395.0
406,161,217,148,1.0,1.0,1.0,SPF,396.0
407,13,117,98,1.0,1.0,1.0,CA1sp,397.0
408,183,113,5,1.0,1.0,1.0,PAA1,398.0
409,161,236,193,1.0,1.0,1.0,VISl,399.0
410,48,233,100,1.0,1.0,1.0,rct,400.0
411,25,107,151,1.0,1.0,1.0,MEAad,401.0
412,6,153,122,1.0,1.0,1.0,ORBl2/3,402.0
413,247,50,73,1.0,1.0,1.0,vVIIIn,403.0
414,227,77,161,1.0,1.0,1.0,SPFm,404.0
415,41,153,4,1.0,1.0,1.0,CA1sr,405.0
416,159,129,76,1.0,1.0,1.0,PAA2,406.0
417,192,174,99,1.0,1.0,1.0,VISrl,407.0
418,140,147,97,1.0,1.0,1.0,MEAav,408.0
419,158,218,213,1.0,1.0,1.0,ENTmv4,409.0
420,217,64,104,1.0,1.0,1.0,db,410.0
421,170,114,171,1.0,1.0,1.0,VISl1,411.0
422,185,108,186,1.0,1.0,1.0,SPFp,412.0
423,116,172,138,1.0,1.0,1.0,CA2,413.0
424,231,136,15,1.0,1.0,1.0,PAA3,414.0
425,102,126,158,1.0,1.0,1.0,VISpl,415.0
426,84,52,185,1.0,1.0,1.0,MEApd,416.0
427,147,249,3,1.0,1.0,1.0,ECT2/3,417.0
428,220,137,89,1.0,1.0,1.0,mct,418.0
429,201,49,143,1.0,1.0,1.0,SPVC,419.0
430,95,229,145,1.0,1.0,1.0,RSPv2/3,420.0
431,65,46,224,1.0,1.0,1.0,CA2slm,421.0
432,2,117,83,1.0,1.0,1.0,NC,422.0
433,104,199,63,1.0,1.0,1.0,VISam5,423.0
434,243,37,87,1.0,1.0,1.0,RSPd2/3,424.0
435,128,222,247,1.0,1.0,1.0,MEApv,425.0
436,59,205,25,1.0,1.0,1.0,fx,426.0
437,194,1,213,1.0,1.0,1.0,SPVI,427.0
438,199,44,91,1.0,1.0,1.0,CA2so,428.0
439,192,17,194,1.0,1.0,1.0,PVHdp,429.0
440,173,187,86,1.0,1.0,1.0,ORBl6a,430.0
441,234,72,119,1.0,1.0,1.0,VISam6b,431.0
442,52,237,152,1.0,1.0,1.0,RSPd1,432.0
443,235,139,86,1.0,1.0,1.0,dhc,433.0
444,168,34,69,1.0,1.0,1.0,MED,434.0
445,195,192,76,1.0,1.0,1.0,SPVO,435.0
446,161,6,43,1.0,1.0,1.0,CA2sp,436.0
447,39,111,126,1.0,1.0,1.0,PVHf,437.0
448,29,85,53,1.0,1.0,1.0,ORBl1,438.0
449,72,44,200,1.0,1.0,1.0,vhc,439.0
450,100,128,74,1.0,1.0,1.0,SSp-ul1,440.0
451,195,123,86,1.0,1.0,1.0,BLAv,441.0
452,246,119,246,1.0,1.0,1.0,MEPO,442.0
453,166,144,172,1.0,1.0,1.0,SS,443.0
454,77,173,105,1.0,1.0,1.0,CA2sr,444.0
455,74,48,157,1.0,1.0,1.0,PVHlp,445.0
456,213,36,88,1.0,1.0,1.0,AUDpo6b,446.0
457,165,180,99,1.0,1.0,1.0,VIS6a,447.0
458,254,143,136,1.0,1.0,1.0,OT1,448.0
459,118,219,96,1.0,1.0,1.0,aolt,449.0
460,242,74,51,1.0,1.0,1.0,MEV,450.0
461,171,226,141,1.0,1.0,1.0,SSp-tr6b,451.0
462,82,20,76,1.0,1.0,1.0,SSN,452.0
463,218,222,69,1.0,1.0,1.0,CA3,453.0
464,127,201,149,1.0,1.0,1.0,PVHmpv,454.0
465,196,153,212,1.0,1.0,1.0,OT2,455.0
466,61,71,49,1.0,1.0,1.0,alv,456.0
467,118,13,54,1.0,1.0,1.0,MEZ,457.0
468,98,49,179,1.0,1.0,1.0,ENTm2a,458.0
469,54,98,157,1.0,1.0,1.0,VISpm6b,459.0
470,96,65,245,1.0,1.0,1.0,STN,460.0
471,224,205,220,1.0,1.0,1.0,CA3slm,461.0
472,195,118,77,1.0,1.0,1.0,MEApd-a,462.0
473,58,240,16,1.0,1.0,1.0,OT3,463.0
474,188,192,111,1.0,1.0,1.0,ab,464.0
475,102,208,180,1.0,1.0,1.0,MG,465.0
476,119,122,249,1.0,1.0,1.0,ORB6a,466.0
477,255,46,209,1.0,1.0,1.0,STR,467.0
478,216,223,165,1.0,1.0,1.0,SSp-ll6a,468.0
479,207,243,149,1.0,1.0,1.0,CA3slu,469.0
480,236,92,111,1.0,1.0,1.0,MEApd-b,470.0
481,71,233,183,1.0,1.0,1.0,isl,471.0
482,139,20,182,1.0,1.0,1.0,bic,472.0
483,129,66,230,1.0,1.0,1.0,MH,473.0
484,80,2,62,1.0,1.0,1.0,ORBm1,474.0
485,111,76,24,1.0,1.0,1.0,STRd,475.0
486,107,95,138,1.0,1.0,1.0,CA3so,476.0
487,179,85,158,1.0,1.0,1.0,MEApd-c,477.0
488,76,154,186,1.0,1.0,1.0,ORBl6b,478.0
489,153,74,65,1.0,1.0,1.0,islm,479.0
490,76,162,45,1.0,1.0,1.0,bct,480.0
491,242,12,63,1.0,1.0,1.0,MM,481.0
492,143,214,197,1.0,1.0,1.0,ORB2/3,482.0
493,251,18,143,1.0,1.0,1.0,STRv,483.0
494,19,229,156,1.0,1.0,1.0,SCig-a,484.0
495,179,225,120,1.0,1.0,1.0,CA3sp,485.0
496,76,47,234,1.0,1.0,1.0,DP1,486.0
497,200,124,207,1.0,1.0,1.0,VIS6b,487.0
498,77,95,1,1.0,1.0,1.0,BSTam,488.0
499,172,127,94,1.0,1.0,1.0,cct,489.0
500,99,61,228,1.0,1.0,1.0,MO,490.0
501,25,108,252,1.0,1.0,1.0,VISpm4,491.0
502,174,21,26,1.0,1.0,1.0,SUB,492.0
503,17,235,97,1.0,1.0,1.0,SCig-b,493.0
504,221,218,222,1.0,1.0,1.0,CA3sr,494.0
505,213,197,230,1.0,1.0,1.0,BSTdm,495.0
506,159,88,182,1.0,1.0,1.0,das,496.0
507,69,19,195,1.0,1.0,1.0,MOB,497.0
508,175,145,228,1.0,1.0,1.0,ENTm2b,498.0
509,232,154,189,1.0,1.0,1.0,SUBd,499.0
510,24,45,192,1.0,1.0,1.0,SSp-ll6b,500.0
511,100,146,231,1.0,1.0,1.0,SCig-c,501.0
512,193,97,72,1.0,1.0,1.0,CB,502.0
513,172,203,206,1.0,1.0,1.0,BSTfu,503.0
514,245,16,140,1.0,1.0,1.0,dc,504.0
515,215,61,61,1.0,1.0,1.0,MPN,505.0
516,204,132,149,1.0,1.0,1.0,ORB6b,506.0
517,94,158,216,1.0,1.0,1.0,TR1-3,507.0
518,247,227,128,1.0,1.0,1.0,SUBv,508.0
519,98,161,200,1.0,1.0,1.0,CBN,509.0
520,125,146,91,1.0,1.0,1.0,AUDv6a,510.0
521,252,187,74,1.0,1.0,1.0,BSTmg,511.0
522,2,56,234,1.0,1.0,1.0,dcm,512.0
523,75,24,145,1.0,1.0,1.0,MPO,513.0
524,2,186,71,1.0,1.0,1.0,ORBm2,514.0
525,131,107,132,1.0,1.0,1.0,SUM,515.0
526,180,140,186,1.0,1.0,1.0,ENTm1,516.0
527,21,156,31,1.0,1.0,1.0,AUDd1,517.0
528,230,143,38,1.0,1.0,1.0,CBX,518.0
529,129,235,211,1.0,1.0,1.0,BSTv,519.0
530,185,184,138,1.0,1.0,1.0,df,520.0
531,13,123,212,1.0,1.0,1.0,MPT,521.0
532,253,198,206,1.0,1.0,1.0,PTLp1,522.0
533,233,146,83,1.0,1.0,1.0,VISpm,523.0
534,12,100,63,1.0,1.0,1.0,SUT,524.0
535,14,66,120,1.0,1.0,1.0,DP2,525.0
536,148,89,21,1.0,1.0,1.0,CEA,526.0
537,29,14,176,1.0,1.0,1.0,BSTal,527.0
538,100,8,145,1.0,1.0,1.0,lotd,528.0
539,34,229,153,1.0,1.0,1.0,MRNm,529.0
540,11,2,106,1.0,1.0,1.0,PERI1,530.0
541,162,49,228,1.0,1.0,1.0,TEa,531.0
542,205,250,183,1.0,1.0,1.0,RSPv1,532.0
543,246,35,154,1.0,1.0,1.0,ENTm2,533.0
544,13,223,19,1.0,1.0,1.0,CEAc,534.0
545,237,172,229,1.0,1.0,1.0,RSPd4,535.0
546,36,249,115,1.0,1.0,1.0,BSTju,536.0
547,85,15,247,1.0,1.0,1.0,dlf,537.0
548,28,244,215,1.0,1.0,1.0,MRNmg,538.0
549,198,208,138,1.0,1.0,1.0,TH,539.0
550,173,26,118,1.0,1.0,1.0,ENTm5/6,540.0
551,161,111,240,1.0,1.0,1.0,CEAl,541.0
552,20,185,160,1.0,1.0,1.0,PRNv,542.0
553,244,135,116,1.0,1.0,1.0,sctd,543.0
554,105,1,54,1.0,1.0,1.0,BSTov,544.0
555,206,13,80,1.0,1.0,1.0,MRNp,545.0
556,26,83,99,1.0,1.0,1.0,ILA2/3,546.0
557,15,111,91,1.0,1.0,1.0,TM,547.0
558,39,151,221,1.0,1.0,1.0,SSp-n1,548.0
559,203,249,234,1.0,1.0,1.0,CEAm,549.0
560,162,46,33,1.0,1.0,1.0,CNspg,550.0
561,138,248,167,1.0,1.0,1.0,VIS2/3,551.0
562,76,229,215,1.0,1.0,1.0,BSTrh,552.0
563,65,215,21,1.0,1.0,1.0,dtt,553.0
564,124,54,199,1.0,1.0,1.0,MS,554.0
565,141,165,186,1.0,1.0,1.0,VISpm5,555.0
566,153,118,189,1.0,1.0,1.0,TR,556.0
567,249,28,61,1.0,1.0,1.0,CH,557.0
568,103,227,246,1.0,1.0,1.0,ACVI,558.0
569,205,90,56,1.0,1.0,1.0,BSTd,559.0
570,226,32,180,1.0,1.0,1.0,dl,560.0
571,192,174,17,1.0,1.0,1.0,MTN,561.0
572,44,28,105,1.0,1.0,1.0,ACA1,562.0
573,3,65,130,1.0,1.0,1.0,VISl4,563.0
574,32,130,88,1.0,1.0,1.0,TRN,564.0
575,213,210,113,1.0,1.0,1.0,CL,565.0
576,238,211,120,1.0,1.0,1.0,ACVII,566.0
577,100,223,164,1.0,1.0,1.0,SSp-ul4,567.0
578,85,148,141,1.0,1.0,1.0,BSTpr,568.0
579,114,237,55,1.0,1.0,1.0,ec,569.0
580,32,1,119,1.0,1.0,1.0,NB,570.0
581,26,6,177,1.0,1.0,1.0,TRS,571.0
582,113,185,153,1.0,1.0,1.0,ORBm2/3,572.0
583,162,242,219,1.0,1.0,1.0,CLA,573.0
584,205,85,48,1.0,1.0,1.0,COApl1-2,574.0
585,13,117,75,1.0,1.0,1.0,BSTif,575.0
586,36,6,74,1.0,1.0,1.0,fpr,576.0
587,180,137,59,1.0,1.0,1.0,ND,577.0
588,208,104,20,1.0,1.0,1.0,ACAv1,578.0
589,153,33,129,1.0,1.0,1.0,TT,579.0
590,112,97,25,1.0,1.0,1.0,RSPv6a,580.0
591,73,21,163,1.0,1.0,1.0,CLI,581.0
592,192,22,40,1.0,1.0,1.0,COApm1-2,582.0
593,58,167,196,1.0,1.0,1.0,VISp1,583.0
594,62,20,58,1.0,1.0,1.0,BSTtr,584.0
595,149,27,109,1.0,1.0,1.0,fr,585.0
596,177,95,247,1.0,1.0,1.0,NDB,586.0
597,43,38,231,1.0,1.0,1.0,TTd,587.0
598,157,143,10,1.0,1.0,1.0,AUDv6b,588.0
599,81,216,142,1.0,1.0,1.0,CM,589.0
600,42,138,98,1.0,1.0,1.0,AUDd2/3,590.0
601,157,147,137,1.0,1.0,1.0,VISal6a,591.0
602,197,151,125,1.0,1.0,1.0,BSTse,592.0
603,63,72,147,1.0,1.0,1.0,fi,593.0
604,37,113,191,1.0,1.0,1.0,NI,594.0
605,164,77,16,1.0,1.0,1.0,TTv,595.0
606,116,206,144,1.0,1.0,1.0,RSPv2,596.0
607,238,202,9,1.0,1.0,1.0,CN,597.0
608,64,243,180,1.0,1.0,1.0,ORBvl6a,598.0
609,138,228,71,1.0,1.0,1.0,SPA,599.0
610,66,128,167,1.0,1.0,1.0,RSPd5,600.0
611,34,66,125,1.0,1.0,1.0,hbc,601.0
612,184,215,211,1.0,1.0,1.0,NLL,602.0
613,78,188,13,1.0,1.0,1.0,VISl5,603.0
614,204,93,44,1.0,1.0,1.0,TU,604.0
615,167,140,2,1.0,1.0,1.0,SNl,605.0
616,121,234,189,1.0,1.0,1.0,CUN,606.0
617,4,5,209,1.0,1.0,1.0,MDc,607.0
618,184,113,190,1.0,1.0,1.0,hc,608.0
619,2,33,109,1.0,1.0,1.0,NLOT,609.0
620,248,125,152,1.0,1.0,1.0,ORBm5,610.0
621,249,171,193,1.0,1.0,1.0,V,611.0
622,163,178,4,1.0,1.0,1.0,RSPv6b,612.0
623,126,143,233,1.0,1.0,1.0,CNU,613.0
624,178,93,230,1.0,1.0,1.0,IPF,614.0
625,146,85,83,1.0,1.0,1.0,SSp-ul5,615.0
626,168,218,166,1.0,1.0,1.0,MDl,616.0
627,83,21,200,1.0,1.0,1.0,hht,617.0
628,110,183,197,1.0,1.0,1.0,NOT,618.0
629,161,80,152,1.0,1.0,1.0,VAL,619.0
630,217,184,141,1.0,1.0,1.0,ORBl5,620.0
631,32,218,170,1.0,1.0,1.0,COA,621.0
632,175,104,87,1.0,1.0,1.0,DG-sg,622.0
633,155,26,44,1.0,1.0,1.0,cic,623.0
634,122,165,195,1.0,1.0,1.0,NPC,624.0
635,94,171,9,1.0,1.0,1.0,PTLp4,625.0
636,187,20,112,1.0,1.0,1.0,MDm,626.0
637,71,53,166,1.0,1.0,1.0,VENT,627.0
638,136,47,96,1.0,1.0,1.0,GU6a,628.0
639,160,91,2,1.0,1.0,1.0,COAa,629.0
640,3,161,9,1.0,1.0,1.0,EV,630.0
641,75,66,199,1.0,1.0,1.0,ias,631.0
642,61,7,2,1.0,1.0,1.0,NTB,632.0
643,16,57,177,1.0,1.0,1.0,AUDpo2/3,633.0
644,205,194,4,1.0,1.0,1.0,MO6a,634.0
645,250,214,106,1.0,1.0,1.0,VERM,635.0
646,190,88,35,1.0,1.0,1.0,DP5,636.0
647,170,34,187,1.0,1.0,1.0,COAp,637.0
648,54,88,86,1.0,1.0,1.0,MOp5,638.0
649,239,175,151,1.0,1.0,1.0,VISal6b,639.0
650,187,213,250,1.0,1.0,1.0,jrb,640.0
651,190,114,253,1.0,1.0,1.0,NTS,641.0
652,162,102,146,1.0,1.0,1.0,PVHpml,642.0
653,216,167,222,1.0,1.0,1.0,VI,643.0
654,82,253,162,1.0,1.0,1.0,SSp-n4,644.0
655,177,236,180,1.0,1.0,1.0,COApl,645.0
656,93,92,169,1.0,1.0,1.0,MOs1,646.0
657,207,170,15,1.0,1.0,1.0,SSp-m2/3,647.0
658,216,113,113,1.0,1.0,1.0,ll,648.0
659,28,226,47,1.0,1.0,1.0,NTSce,649.0
660,21,25,111,1.0,1.0,1.0,PVHpmm,650.0
661,123,246,108,1.0,1.0,1.0,VII,651.0
662,57,154,50,1.0,1.0,1.0,GU6b,652.0
663,102,205,126,1.0,1.0,1.0,COApm,653.0
664,219,61,156,1.0,1.0,1.0,ENTm3,654.0
665,218,218,74,1.0,1.0,1.0,lot,655.0
666,78,155,142,1.0,1.0,1.0,NTSco,656.0
667,60,237,220,1.0,1.0,1.0,FRP2/3,657.0
668,92,56,189,1.0,1.0,1.0,DMHa,658.0
669,210,162,81,1.0,1.0,1.0,VIS,659.0
670,233,45,223,1.0,1.0,1.0,SSp-tr2/3,660.0
671,13,130,6,1.0,1.0,1.0,RSPagl1,661.0
672,155,32,110,1.0,1.0,1.0,CP,662.0
673,74,105,139,1.0,1.0,1.0,mp,663.0
674,212,153,27,1.0,1.0,1.0,NTSge,664.0
675,83,237,33,1.0,1.0,1.0,AIv6a,665.0
676,114,171,40,1.0,1.0,1.0,DMHp,666.0
677,200,131,123,1.0,1.0,1.0,VISC,667.0
678,182,222,163,1.0,1.0,1.0,AUDd4,668.0
679,14,37,196,1.0,1.0,1.0,CS,669.0
680,102,51,67,1.0,1.0,1.0,ORBvl6b,670.0
681,251,8,124,1.0,1.0,1.0,mtg,671.0
682,68,62,151,1.0,1.0,1.0,NTSl,672.0
683,160,191,126,1.0,1.0,1.0,PTLp5,673.0
684,176,116,97,1.0,1.0,1.0,DMHv,674.0
685,181,88,200,1.0,1.0,1.0,VM,675.0
686,181,196,169,1.0,1.0,1.0,SSp6a,676.0
687,247,120,202,1.0,1.0,1.0,RSPv5,677.0
688,166,126,245,1.0,1.0,1.0,CTX,678.0
689,12,136,12,1.0,1.0,1.0,VLPO,679.0
690,157,213,210,1.0,1.0,1.0,mtt,680.0
691,90,253,67,1.0,1.0,1.0,NTSm,681.0
692,20,165,185,1.0,1.0,1.0,PERI5,682.0
693,47,189,199,1.0,1.0,1.0,VMH,683.0
694,43,153,139,1.0,1.0,1.0,AIv2/3,684.0
695,10,3,123,1.0,1.0,1.0,CTXpl,685.0
696,197,187,103,1.0,1.0,1.0,AUDpo1,686.0
697,18,32,70,1.0,1.0,1.0,ml,687.0
698,156,171,166,1.0,1.0,1.0,OLF,688.0
699,254,178,94,1.0,1.0,1.0,AIv6b,689.0
700,5,84,58,1.0,1.0,1.0,AHNa,690.0
701,111,25,253,1.0,1.0,1.0,VNC,691.0
702,113,39,158,1.0,1.0,1.0,SSp-n5,692.0
703,206,42,115,1.0,1.0,1.0,CTXsp,693.0
704,196,28,101,1.0,1.0,1.0,AIv1,694.0
705,162,140,102,1.0,1.0,1.0,mtV,695.0
706,255,59,90,1.0,1.0,1.0,OP,696.0
707,145,37,70,1.0,1.0,1.0,ILA1,697.0
708,219,64,101,1.0,1.0,1.0,AHNc,698.0
709,177,95,182,1.0,1.0,1.0,VP,699.0
710,211,235,149,1.0,1.0,1.0,VIn,700.0
711,116,211,149,1.0,1.0,1.0,CU,701.0
712,219,213,219,1.0,1.0,1.0,ENTm4,702.0
713,96,127,44,1.0,1.0,1.0,per,703.0
714,146,217,142,1.0,1.0,1.0,ORB,704.0
715,140,151,91,1.0,1.0,1.0,ENTl2a,705.0
716,33,216,43,1.0,1.0,1.0,AHNd,706.0
717,44,191,219,1.0,1.0,1.0,XIn,707.0
718,40,122,235,1.0,1.0,1.0,VPL,708.0
719,6,28,135,1.0,1.0,1.0,SSp6b,709.0
720,186,79,144,1.0,1.0,1.0,DCN,710.0
721,96,217,8,1.0,1.0,1.0,VISp4,711.0
722,97,38,178,1.0,1.0,1.0,pvbt,712.0
723,115,119,6,1.0,1.0,1.0,ORBl,713.0
724,8,169,93,1.0,1.0,1.0,AHNp,714.0
725,114,216,236,1.0,1.0,1.0,VPLpc,715.0
726,158,152,19,1.0,1.0,1.0,DG,716.0
727,229,139,75,1.0,1.0,1.0,ENTm5,717.0
728,118,51,7,1.0,1.0,1.0,arb,718.0
729,213,184,26,1.0,1.0,1.0,TEa6a,719.0
730,221,84,43,1.0,1.0,1.0,PIS,720.0
731,194,131,234,1.0,1.0,1.0,ORBm,721.0
732,251,255,62,1.0,1.0,1.0,MMme,722.0
733,50,244,28,1.0,1.0,1.0,VPM,723.0
734,122,183,54,1.0,1.0,1.0,DGcr,724.0
735,80,137,49,1.0,1.0,1.0,AUDp1,725.0
736,114,177,8,1.0,1.0,1.0,ctb,726.0
737,243,10,157,1.0,1.0,1.0,fxpo,727.0
738,6,23,47,1.0,1.0,1.0,ORBv,728.0
739,53,159,209,1.0,1.0,1.0,ACA5,729.0
740,161,30,47,1.0,1.0,1.0,MPNc,730.0
741,111,112,246,1.0,1.0,1.0,VPMpc,731.0
742,8,122,109,1.0,1.0,1.0,DGcr-mo,732.0
743,159,140,229,1.0,1.0,1.0,ENTm6,733.0
744,83,96,113,1.0,1.0,1.0,cbc,734.0
745,152,181,185,1.0,1.0,1.0,fxprg,735.0
746,72,175,180,1.0,1.0,1.0,ORBvl,736.0
747,251,61,124,1.0,1.0,1.0,ILA2,737.0
748,143,109,220,1.0,1.0,1.0,MPNl,738.0
749,5,72,214,1.0,1.0,1.0,VTA,739.0
750,110,229,159,1.0,1.0,1.0,VISpl1,740.0
751,186,112,221,1.0,1.0,1.0,DGcr-po,741.0
752,74,118,37,1.0,1.0,1.0,cbp,742.0
753,170,175,53,1.0,1.0,1.0,pm,743.0
754,192,10,7,1.0,1.0,1.0,OT,744.0
755,118,121,48,1.0,1.0,1.0,AUDv2/3,745.0
756,97,116,243,1.0,1.0,1.0,MPNm,746.0
757,224,51,181,1.0,1.0,1.0,VTN,747.0
758,10,183,253,1.0,1.0,1.0,DGcr-sg,748.0
759,163,150,163,1.0,1.0,1.0,AUDpo4,749.0
760,243,134,154,1.0,1.0,1.0,epsc,750.0
761,152,213,204,1.0,1.0,1.0,VMHa,751.0
762,250,253,206,1.0,1.0,1.0,phpd,752.0
763,196,255,107,1.0,1.0,1.0,OV,753.0
764,40,121,46,1.0,1.0,1.0,ENTl2b,754.0
765,92,160,190,1.0,1.0,1.0,x,755.0
766,183,74,92,1.0,1.0,1.0,DGlb,756.0
767,145,250,175,1.0,1.0,1.0,MOs5,757.0
768,201,182,156,1.0,1.0,1.0,mfbc,758.0
769,16,210,137,1.0,1.0,1.0,VMHc,759.0
770,90,200,1,1.0,1.0,1.0,phpl,760.0
771,30,39,192,1.0,1.0,1.0,P,761.0
772,234,177,135,1.0,1.0,1.0,ACAv5,762.0
773,173,49,28,1.0,1.0,1.0,XII,763.0
774,144,5,223,1.0,1.0,1.0,RSPagl5,764.0
775,81,43,74,1.0,1.0,1.0,DGlb-mo,765.0
776,19,89,100,1.0,1.0,1.0,cc,766.0
777,60,58,87,1.0,1.0,1.0,VMHdm,767.0
778,244,126,171,1.0,1.0,1.0,VISp5,768.0
779,118,42,6,1.0,1.0,1.0,phpm,769.0
780,220,165,191,1.0,1.0,1.0,PA,770.0
781,33,145,238,1.0,1.0,1.0,y,771.0
782,221,241,97,1.0,1.0,1.0,DGlb-po,772.0
783,221,236,70,1.0,1.0,1.0,AId6a,773.0
784,26,66,22,1.0,1.0,1.0,cst,774.0
785,105,196,26,1.0,1.0,1.0,VMHvl,775.0
786,161,63,77,1.0,1.0,1.0,TEa6b,776.0
787,218,57,132,1.0,1.0,1.0,phpv,777.0
788,144,45,98,1.0,1.0,1.0,PAA,778.0
789,196,8,49,1.0,1.0,1.0,z,779.0
790,142,127,212,1.0,1.0,1.0,DGlb-sg,780.0
791,142,96,158,1.0,1.0,1.0,AUDpo5,781.0
792,233,110,111,1.0,1.0,1.0,drt,782.0
793,166,24,10,1.0,1.0,1.0,SSp1,783.0
794,132,11,190,1.0,1.0,1.0,sptV,784.0
795,250,187,193,1.0,1.0,1.0,PAG,785.0
796,124,193,143,1.0,1.0,1.0,A13,786.0
797,212,58,220,1.0,1.0,1.0,ZI,787.0
798,56,103,96,1.0,1.0,1.0,VIIn,788.0
799,121,68,194,1.0,1.0,1.0,DGmb,789.0
800,80,51,100,1.0,1.0,1.0,AIv5,790.0
801,192,175,124,1.0,1.0,1.0,VIS1,791.0
802,92,214,238,1.0,1.0,1.0,sm,792.0
803,120,126,221,1.0,1.0,1.0,PAL,793.0
804,70,105,112,1.0,1.0,1.0,FF,794.0
805,28,141,129,1.0,1.0,1.0,VISpm1,795.0
806,199,176,252,1.0,1.0,1.0,SSs2/3,796.0
807,184,84,250,1.0,1.0,1.0,DGmb-mo,797.0
808,141,121,249,1.0,1.0,1.0,IXn,798.0
809,140,133,173,1.0,1.0,1.0,PALc,799.0
810,69,183,182,1.0,1.0,1.0,ACAv6a,800.0
811,83,66,58,1.0,1.0,1.0,ICc,801.0
812,163,255,214,1.0,1.0,1.0,dscp,802.0
813,40,153,222,1.0,1.0,1.0,XIIn,803.0
814,128,13,49,1.0,1.0,1.0,DP,804.0
815,118,136,119,1.0,1.0,1.0,DGmb-po,805.0
816,214,187,34,1.0,1.0,1.0,AUDp4,806.0
817,144,44,164,1.0,1.0,1.0,supa,807.0
818,53,234,1,1.0,1.0,1.0,PALd,808.0
819,185,219,119,1.0,1.0,1.0,ACAv6b,809.0
820,230,24,38,1.0,1.0,1.0,ICd,810.0
821,38,227,125,1.0,1.0,1.0,VISp2/3,811.0
822,33,109,113,1.0,1.0,1.0,RHP,812.0
823,141,91,127,1.0,1.0,1.0,DGmb-sg,813.0
824,74,114,133,1.0,1.0,1.0,mfsbshy,814.0
825,40,107,253,1.0,1.0,1.0,supd,815.0
826,173,106,46,1.0,1.0,1.0,PALm,816.0
827,159,20,244,1.0,1.0,1.0,ILA5,817.0
828,160,104,187,1.0,1.0,1.0,ICe,818.0
829,179,177,225,1.0,1.0,1.0,SUBd-m,819.0
830,244,126,13,1.0,1.0,1.0,DMH,820.0
831,224,3,107,1.0,1.0,1.0,AId6b,821.0
832,3,206,53,1.0,1.0,1.0,IIIn,822.0
833,163,31,53,1.0,1.0,1.0,supv,823.0
834,48,51,9,1.0,1.0,1.0,SCzo,824.0
835,1,230,175,1.0,1.0,1.0,PALv,825.0
836,81,140,89,1.0,1.0,1.0,ECT1,826.0
837,115,105,90,1.0,1.0,1.0,SUBd-sr,827.0
838,217,240,78,1.0,1.0,1.0,SSp-n2/3,828.0
839,34,64,143,1.0,1.0,1.0,DMX,829.0
840,128,255,15,1.0,1.0,1.0,In,830.0
841,238,54,168,1.0,1.0,1.0,tb,831.0
842,241,154,160,1.0,1.0,1.0,SCsg,832.0
843,8,54,183,1.0,1.0,1.0,PAR,833.0
844,94,223,44,1.0,1.0,1.0,MOp6a,834.0
845,163,202,125,1.0,1.0,1.0,SUBd-sp,835.0
846,10,47,144,1.0,1.0,1.0,DN,836.0
847,197,248,71,1.0,1.0,1.0,AUDp5,837.0
848,79,166,149,1.0,1.0,1.0,IIn,838.0
849,135,152,223,1.0,1.0,1.0,VISC6b,839.0
850,196,88,181,1.0,1.0,1.0,uf,840.0
851,244,95,18,1.0,1.0,1.0,SCop,841.0
852,85,52,239,1.0,1.0,1.0,PARN,842.0
853,103,169,204,1.0,1.0,1.0,SUBv-m,843.0
854,118,51,67,1.0,1.0,1.0,SSp-ul2/3,844.0
855,228,243,192,1.0,1.0,1.0,rst,845.0
856,76,122,54,1.0,1.0,1.0,DORpm,846.0
857,211,7,11,1.0,1.0,1.0,VISC6a,847.0
858,129,234,52,1.0,1.0,1.0,vc,848.0
859,119,230,34,1.0,1.0,1.0,PAS,849.0
860,61,57,24,1.0,1.0,1.0,PBlc,850.0
861,156,32,92,1.0,1.0,1.0,SUBv-sr,851.0
862,165,134,60,1.0,1.0,1.0,SSs6a,852.0
863,51,197,49,1.0,1.0,1.0,rust,853.0
864,129,93,32,1.0,1.0,1.0,DORsm,854.0
865,11,20,114,1.0,1.0,1.0,SSp4,855.0
866,152,109,163,1.0,1.0,1.0,sctv,856.0
867,176,69,162,1.0,1.0,1.0,PB,857.0
868,58,118,81,1.0,1.0,1.0,PBld,858.0
869,198,12,65,1.0,1.0,1.0,VISpl4,859.0
870,98,4,26,1.0,1.0,1.0,SUBv-sp,860.0
871,57,122,13,1.0,1.0,1.0,sst,861.0
872,139,98,83,1.0,1.0,1.0,DR,862.0
873,95,195,131,1.0,1.0,1.0,SSs1,863.0
874,213,126,84,1.0,1.0,1.0,PBG,864.0
875,105,36,124,1.0,1.0,1.0,PBle,865.0
876,77,108,254,1.0,1.0,1.0,aot,866.0
877,6,150,206,1.0,1.0,1.0,tsp,867.0
878,205,11,138,1.0,1.0,1.0,SSp-m1,868.0
879,172,38,246,1.0,1.0,1.0,RSPd,869.0
880,176,125,4,1.0,1.0,1.0,DTN,870.0
881,161,205,41,1.0,1.0,1.0,PBl,871.0
882,248,33,227,1.0,1.0,1.0,MOp6b,872.0
883,239,253,74,1.0,1.0,1.0,PBls,873.0
884,254,154,242,1.0,1.0,1.0,amc,874.0
885,113,236,200,1.0,1.0,1.0,tn,875.0
886,185,136,182,1.0,1.0,1.0,RSPv,876.0
887,78,106,90,1.0,1.0,1.0,ECO,877.0
888,118,182,173,1.0,1.0,1.0,PERI2/3,878.0
889,45,104,243,1.0,1.0,1.0,SSp-n6a,879.0
890,104,127,29,1.0,1.0,1.0,PBm,880.0
891,176,124,200,1.0,1.0,1.0,PBlv,881.0
892,73,39,40,1.0,1.0,1.0,apd,882.0
893,172,251,34,1.0,1.0,1.0,SSs6b,883.0
894,91,114,199,1.0,1.0,1.0,RSPagl,884.0
895,218,25,159,1.0,1.0,1.0,ECT,885.0
896,191,118,24,1.0,1.0,1.0,lfbst,886.0
897,201,209,93,1.0,1.0,1.0,VISC1,887.0
898,3,225,208,1.0,1.0,1.0,PCG,888.0
899,103,21,95,1.0,1.0,1.0,PBme,889.0
900,85,200,89,1.0,1.0,1.0,aco,890.0
901,36,87,130,1.0,1.0,1.0,Vn,891.0
902,94,96,101,1.0,1.0,1.0,VISpl5,892.0
903,195,85,169,1.0,1.0,1.0,ECU,893.0
904,106,127,67,1.0,1.0,1.0,MSC,894.0
905,140,174,192,1.0,1.0,1.0,VISal2/3,895.0
906,182,32,101,1.0,1.0,1.0,RSPagl6a,896.0
907,91,5,240,1.0,1.0,1.0,PCN,897.0
908,178,17,240,1.0,1.0,1.0,act,898.0
909,117,60,42,1.0,1.0,1.0,ENT,899.0
910,157,154,18,1.0,1.0,1.0,ORBm6a,900.0
911,88,122,222,1.0,1.0,1.0,IVn,901.0
912,87,156,68,1.0,1.0,1.0,LING,902.0
913,104,139,33,1.0,1.0,1.0,VIS4,903.0
914,169,23,227,1.0,1.0,1.0,PD,904.0
915,163,135,163,1.0,1.0,1.0,PBmm,905.0
916,252,178,7,1.0,1.0,1.0,bsc,906.0
917,127,226,104,1.0,1.0,1.0,Xn,907.0
918,21,61,138,1.0,1.0,1.0,ENTl,908.0
919,3,223,198,1.0,1.0,1.0,ACAd6a,909.0
920,133,152,35,1.0,1.0,1.0,CENT,910.0
921,35,166,150,1.0,1.0,1.0,SSp5,911.0
922,254,132,26,1.0,1.0,1.0,PERI,912.0
923,170,152,57,1.0,1.0,1.0,PBmv,913.0
924,8,53,114,1.0,1.0,1.0,cpd,914.0
925,203,91,246,1.0,1.0,1.0,vrt,915.0
926,13,21,101,1.0,1.0,1.0,ENTm,916.0
927,81,210,22,1.0,1.0,1.0,ACAd6b,917.0
928,149,180,29,1.0,1.0,1.0,CUL,918.0
929,20,67,58,1.0,1.0,1.0,SSp-n6b,919.0
930,174,71,12,1.0,1.0,1.0,PF,920.0
931,9,240,231,1.0,1.0,1.0,PG,921.0
932,44,153,122,1.0,1.0,1.0,cett,922.0
933,55,26,78,1.0,1.0,1.0,VIIIn,923.0
934,84,11,226,1.0,1.0,1.0,ENTmv,924.0
935,95,98,163,1.0,1.0,1.0,ACAd1,925.0
936,67,117,63,1.0,1.0,1.0,DEC,926.0
937,229,125,110,1.0,1.0,1.0,VIS5,927.0
938,222,250,153,1.0,1.0,1.0,PGRN,928.0
939,226,206,74,1.0,1.0,1.0,AMBd,929.0
940,161,126,25,1.0,1.0,1.0,cing,930.0
941,20,187,140,1.0,1.0,1.0,vsp,931.0
942,251,132,116,1.0,1.0,1.0,EP,932.0
943,137,100,43,1.0,1.0,1.0,MOp2/3,933.0
944,35,11,150,1.0,1.0,1.0,FOTU,934.0
945,143,10,102,1.0,1.0,1.0,SSp-ul6a,935.0
946,205,28,80,1.0,1.0,1.0,PH,936.0
947,98,101,38,1.0,1.0,1.0,MO6b,937.0
948,101,201,36,1.0,1.0,1.0,cVIIIn,938.0
949,208,64,162,1.0,1.0,1.0,von,939.0
950,223,73,124,1.0,1.0,1.0,SSp-m4,940.0
951,18,10,141,1.0,1.0,1.0,PYR,941.0
952,212,200,153,1.0,1.0,1.0,EPd,942.0
953,185,92,152,1.0,1.0,1.0,PIN,943.0
954,136,125,109,1.0,1.0,1.0,AUDp6a,944.0
955,143,98,135,1.0,1.0,1.0,LRNm,945.0
956,120,208,176,1.0,1.0,1.0,fa,946.0
957,121,38,231,1.0,1.0,1.0,UVU,947.0
958,91,150,135,1.0,1.0,1.0,EPI,948.0
959,3,122,27,1.0,1.0,1.0,AUDv1,949.0
960,63,194,235,1.0,1.0,1.0,cbf,950.0
961,36,123,78,1.0,1.0,1.0,PIR,951.0
962,113,175,96,1.0,1.0,1.0,MOs2/3,952.0
963,105,93,196,1.0,1.0,1.0,LRNp,953.0
964,193,225,121,1.0,1.0,1.0,ee,954.0
965,106,24,106,1.0,1.0,1.0,RSPagl2/3,955.0
966,157,40,244,1.0,1.0,1.0,EPv,956.0
967,22,136,144,1.0,1.0,1.0,cm,957.0
968,126,138,152,1.0,1.0,1.0,NOD,958.0
969,4,181,6,1.0,1.0,1.0,ORBvl1,959.0
970,17,170,195,1.0,1.0,1.0,PGRNd,960.0
971,98,194,168,1.0,1.0,1.0,fp,961.0
972,149,248,185,1.0,1.0,1.0,PL,962.0
973,40,92,93,1.0,1.0,1.0,VISl2/3,963.0
974,71,110,216,1.0,1.0,1.0,SSp-m5,964.0
975,233,224,213,1.0,1.0,1.0,EW,965.0
976,143,51,139,1.0,1.0,1.0,CENT2,966.0
977,129,204,144,1.0,1.0,1.0,ECT6a,967.0
978,35,221,237,1.0,1.0,1.0,PGRNl,968.0
979,165,89,100,1.0,1.0,1.0,ccr,969.0
980,7,233,34,1.0,1.0,1.0,PMd,970.0
981,185,195,95,1.0,1.0,1.0,SSp-bfd1,971.0
982,33,180,208,1.0,1.0,1.0,FC,972.0
983,248,221,226,1.0,1.0,1.0,lfbs,973.0
984,209,11,108,1.0,1.0,1.0,CENT3,974.0
985,216,35,223,1.0,1.0,1.0,MOp,975.0
986,58,160,90,1.0,1.0,1.0,ccs,976.0
987,67,175,69,1.0,1.0,1.0,P-mot,977.0
988,69,4,221,1.0,1.0,1.0,ECT5,978.0
989,247,204,57,1.0,1.0,1.0,FN,979.0
990,169,23,203,1.0,1.0,1.0,AUDv4,980.0
991,121,43,102,1.0,1.0,1.0,mfbs,981.0
992,87,140,52,1.0,1.0,1.0,CUL4,982.0
993,117,163,156,1.0,1.0,1.0,MOs,983.0
994,49,47,104,1.0,1.0,1.0,cbt,984.0
995,71,54,101,1.0,1.0,1.0,PMR,985.0
996,171,92,3,1.0,1.0,1.0,AId1,986.0
997,34,127,110,1.0,1.0,1.0,root,987.0
998,133,43,58,1.0,1.0,1.0,FS,988.0
999,230,171,30,1.0,1.0,1.0,ENTl2/3,989.0
1000,6,17,61,1.0,1.0,1.0,eps,990.0
1001,91,227,37,1.0,1.0,1.0,CUL5,991.0
1002,205,8,153,1.0,1.0,1.0,AUDp,992.0
1003,214,1,158,1.0,1.0,1.0,cpt,993.0
1004,125,32,241,1.0,1.0,1.0,PMv,994.0
1005,156,154,74,1.0,1.0,1.0,AUDp6b,995.0
1006,121,122,104,1.0,1.0,1.0,SSp-tr1,996.0
1007,182,227,99,1.0,1.0,1.0,SIM,997.0
1008,82,37,46,1.0,1.0,1.0,GENd,998.0
1009,222,233,233,1.0,1.0,1.0,fiber tracts,999.0
1010,239,95,124,1.0,1.0,1.0,VISC4,1000.0
1011,178,105,41,1.0,1.0,1.0,AUDd,1001.0
1012,115,57,163,1.0,1.0,1.0,crt,1002.0
1014,63,130,155,1.0,1.0,1.0,GENv,1003.0
1015,115,50,11,1.0,1.0,1.0,ACAd5,1004.0
1016,120,94,90,1.0,1.0,1.0,onl,1005.0
1017,243,155,170,1.0,1.0,1.0,AN,1006.0
1018,159,97,59,1.0,1.0,1.0,AUDv,1007.0
1019,41,177,68,1.0,1.0,1.0,cstc,1008.0
1020,52,212,18,1.0,1.0,1.0,PO,1009.0
1021,3,68,35,1.0,1.0,1.0,MOs6a,1010.0
1022,123,144,8,1.0,1.0,1.0,GPe,1011.0
1023,85,63,9,1.0,1.0,1.0,AUDv5,1012.0
1024,101,107,3,1.0,1.0,1.0,grv,1013.0
1025,227,185,130,1.0,1.0,1.0,PRM,1014.0
1026,118,74,240,1.0,1.0,1.0,SSp-ul6b,1015.0
1027,47,22,84,1.0,1.0,1.0,AUDpo,1016.0
1028,17,141,189,1.0,1.0,1.0,cstu,1017.0
1029,231,95,18,1.0,1.0,1.0,POL,1018.0
1030,231,191,121,1.0,1.0,1.0,SSp-ll1,1019.0
1031,65,26,105,1.0,1.0,1.0,GPi,1020.0
1032,205,161,247,1.0,1.0,1.0,grv of CTX,1021.0
1033,182,48,240,1.0,1.0,1.0,COPY,1022.0
1034,94,103,16,1.0,1.0,1.0,TTd1,1023.0
1035,62,217,174,1.0,1.0,1.0,SSs4,1024.0
1036,153,20,166,1.0,1.0,1.0,cte,1025.0
1037,40,34,67,1.0,1.0,1.0,POST,1026.0
1038,25,91,174,1.0,1.0,1.0,SSp-bfd6a,1027.0
1039,223,209,190,1.0,1.0,1.0,GR,1028.0
1040,224,242,126,1.0,1.0,1.0,grv of CBX,1029.0
1041,46,240,19,1.0,1.0,1.0,PFL,1030.0
1042,179,63,155,1.0,1.0,1.0,TTd2,1031.0
1043,148,200,96,1.0,1.0,1.0,tspc,1032.0
1044,6,184,193,1.0,1.0,1.0,PP,1033.0
1045,178,136,16,1.0,1.0,1.0,ECT6b,1034.0
1046,89,74,141,1.0,1.0,1.0,VISam6a,1035.0
1047,76,147,161,1.0,1.0,1.0,SSp-bfd4,1036.0
1048,111,59,166,1.0,1.0,1.0,GRN,1037.0
1049,184,111,225,1.0,1.0,1.0,FL,1038.0
1050,146,45,1,1.0,1.0,1.0,TTd3,1039.0
1051,124,140,121,1.0,1.0,1.0,tspd,1040.0
1052,153,215,162,1.0,1.0,1.0,PPN,1041.0
1053,199,16,114,1.0,1.0,1.0,ACA2/3,1042.0
1054,250,237,49,1.0,1.0,1.0,ILA6a,1043.0
1055,88,215,69,1.0,1.0,1.0,eg,1044.0
1056,31,95,26,1.0,1.0,1.0,ANcr1,1045.0
1057,250,38,8,1.0,1.0,1.0,GU,1046.0
1058,68,28,247,1.0,1.0,1.0,VISC5,1047.0
1059,228,127,194,1.0,1.0,1.0,TTd4,1048.0
1060,201,85,24,1.0,1.0,1.0,dtd,1049.0
1061,171,252,85,1.0,1.0,1.0,PPT,1050.0
1062,241,127,101,1.0,1.0,1.0,SSp-bfd6b,1051.0
1063,60,46,195,1.0,1.0,1.0,hf,1052.0
1064,185,41,25,1.0,1.0,1.0,ANcr2,1053.0
1065,251,200,197,1.0,1.0,1.0,HB,1054.0
1066,50,79,126,1.0,1.0,1.0,VISam2/3,1055.0
1067,41,28,78,1.0,1.0,1.0,TTv1,1056.0
1068,18,63,75,1.0,1.0,1.0,mfbst,1057.0
1069,169,169,92,1.0,1.0,1.0,PPY,1058.0
1070,90,190,105,1.0,1.0,1.0,SSp-bfd5,1059.0
1071,114,183,208,1.0,1.0,1.0,rf,1060.0
1072,82,106,129,1.0,1.0,1.0,MGd,1061.0
1073,48,198,235,1.0,1.0,1.0,HEM,1062.0
1074,198,225,127,1.0,1.0,1.0,VISal1,1063.0
1075,60,84,94,1.0,1.0,1.0,TTv2,1064.0
1076,75,69,80,1.0,1.0,1.0,cvb,1065.0
1077,79,247,148,1.0,1.0,1.0,PR,1066.0
1078,153,20,206,1.0,1.0,1.0,ri,1067.0
1079,247,78,155,1.0,1.0,1.0,MGv,1068.0
1080,66,149,131,1.0,1.0,1.0,HIP,1069.0
1081,162,107,16,1.0,1.0,1.0,ILA6b,1070.0
1082,242,65,237,1.0,1.0,1.0,TTv3,1071.0
1083,174,197,120,1.0,1.0,1.0,mfbse,1072.0
1084,133,74,143,1.0,1.0,1.0,PRE,1073.0
1085,40,224,112,1.0,1.0,1.0,MOs6b,1074.0
1086,84,251,62,1.0,1.0,1.0,SSp-tr4,1075.0
1087,155,244,188,1.0,1.0,1.0,pce,1076.0
1088,34,184,51,1.0,1.0,1.0,MGm,1077.0
1089,45,75,140,1.0,1.0,1.0,HPF,1078.0
1090,67,186,123,1.0,1.0,1.0,SSs5,1079.0
1091,50,125,158,1.0,1.0,1.0,"CUL4, 5",1080.0
1092,183,138,142,1.0,1.0,1.0,em,1081.0
1093,60,118,116,1.0,1.0,1.0,PRNc,1082.0
1094,104,24,149,1.0,1.0,1.0,SSp-ll4,1083.0
1095,195,141,121,1.0,1.0,1.0,pcf,1084.0
1096,203,194,181,1.0,1.0,1.0,AMd,1085.0
1097,140,24,214,1.0,1.0,1.0,HY,1086.0
1098,91,141,95,1.0,1.0,1.0,MDRNd,1087.0
1099,210,223,44,1.0,1.0,1.0,fxs,1088.0
1100,31,64,209,1.0,1.0,1.0,PRT,1089.0
1101,234,41,149,1.0,1.0,1.0,AId5,1090.0
1102,32,248,133,1.0,1.0,1.0,SSp-m6a,1091.0
1103,131,67,156,1.0,1.0,1.0,pri,1092.0
1104,173,76,198,1.0,1.0,1.0,AMv,1093.0
1105,120,32,254,1.0,1.0,1.0,IA,1094.0
1106,114,76,110,1.0,1.0,1.0,VISC2/3,1095.0
1107,40,12,129,1.0,1.0,1.0,MDRNv,1096.0
1108,133,157,101,1.0,1.0,1.0,ccg,1097.0
1109,192,152,185,1.0,1.0,1.0,PS,1098.0
1110,226,64,236,1.0,1.0,1.0,SUMl,1099.0
1111,16,26,245,1.0,1.0,1.0,SSp-tr5,1100.0
1112,0,94,83,1.0,1.0,1.0,psf,1101.0
1113,254,175,86,1.0,1.0,1.0,IAD,1102.0
1114,210,3,43,1.0,1.0,1.0,VISal4,1103.0
1116,230,227,106,1.0,1.0,1.0,gVIIn,1104.0
1117,147,100,16,1.0,1.0,1.0,P-sat,1105.0
1118,211,225,234,1.0,1.0,1.0,SUMm,1106.0
1119,213,225,124,1.0,1.0,1.0,ppf,1107.0
1120,17,50,50,1.0,1.0,1.0,IAM,1108.0
1121,230,143,89,1.0,1.0,1.0,ENTl1,1109.0
1123,210,133,175,1.0,1.0,1.0,icp,1110.0
1124,1,195,12,1.0,1.0,1.0,PSCH,1111.0
1125,134,43,141,1.0,1.0,1.0,ORBvl5,1112.0
1126,193,204,133,1.0,1.0,1.0,TMd,1113.0
1127,241,57,168,1.0,1.0,1.0,TEa2/3,1114.0
1128,98,153,164,1.0,1.0,1.0,SSp-ll5,1115.0
1129,148,238,70,1.0,1.0,1.0,IB,1116.0
1131,234,28,153,1.0,1.0,1.0,iVIIn,1117.0
1132,61,175,199,1.0,1.0,1.0,P-sen,1118.0
1133,216,165,77,1.0,1.0,1.0,ENTmv5/6,1119.0
1139,30,61,9,1.0,1.0,1.0,NLOT3,1120.0
1140,237,185,117,1.0,1.0,1.0,TR1,1121.0
1141,254,230,74,1.0,1.0,1.0,TR2,1122.0
1142,33,96,167,1.0,1.0,1.0,TR3,1123.0
1143,228,188,169,1.0,1.0,1.0,CBXgr,1124.0
1144,211,88,67,1.0,1.0,1.0,CBXmo,1125.0
1145,105,169,122,1.0,1.0,1.0,CBXpu,1126.0
10671,118,59,237,1.0,1.0,1.0,ME,1127.0
10672,117,81,244,1.0,1.0,1.0,SIMgr,1128.0
10673,251,19,191,1.0,1.0,1.0,SIMpu,1129.0
10674,159,233,9,1.0,1.0,1.0,SIMmo,1130.0
10675,184,91,27,1.0,1.0,1.0,ANcr1gr,1131.0
10676,150,52,79,1.0,1.0,1.0,ANcr1pu,1132.0
10677,94,9,188,1.0,1.0,1.0,ANcr1mo,1133.0
10678,64,222,208,1.0,1.0,1.0,ANcr2gr,1134.0
10679,34,71,24,1.0,1.0,1.0,ANcr2pu,1135.0
10680,215,68,173,1.0,1.0,1.0,ANcr2mo,1136.0
10681,199,163,248,1.0,1.0,1.0,PRMgr,1137.0
10682,225,18,43,1.0,1.0,1.0,PRMpu,1138.0
10683,81,219,30,1.0,1.0,1.0,PRMmo,1139.0
10684,232,204,40,1.0,1.0,1.0,COPYgr,1140.0
10685,44,203,152,1.0,1.0,1.0,COPYpu,1141.0
10686,9,120,48,1.0,1.0,1.0,COPYmo,1142.0
10687,19,141,28,1.0,1.0,1.0,PFLgr,1143.0
10688,38,159,224,1.0,1.0,1.0,PFLpu,1144.0
10689,107,63,153,1.0,1.0,1.0,PFLmo,1145.0
10690,175,124,167,1.0,1.0,1.0,FLgr,1146.0
10691,218,33,63,1.0,1.0,1.0,FLpu,1147.0
10692,17,249,57,1.0,1.0,1.0,FLmo,1148.0
10693,254,179,187,1.0,1.0,1.0,PAR1,1149.0
10694,108,249,33,1.0,1.0,1.0,PAR2,1150.0
10695,180,148,245,1.0,1.0,1.0,PAR3,1151.0
10696,137,151,64,1.0,1.0,1.0,POST1,1152.0
10697,25,104,172,1.0,1.0,1.0,POST2,1153.0
10698,143,168,132,1.0,1.0,1.0,POST3,1154.0
10699,95,149,16,1.0,1.0,1.0,PRE1,1155.0
10700,225,21,203,1.0,1.0,1.0,PRE2,1156.0
10701,162,215,93,1.0,1.0,1.0,PRE3,1157.0
10702,187,152,122,1.0,1.0,1.0,DG-sgz,1158.0
10703,140,210,52,1.0,1.0,1.0,DG-mo,1159.0
10704,220,23,128,1.0,1.0,1.0,DG-po,1160.0
10705,133,70,160,1.0,1.0,1.0,LINGgr,1161.0
10706,228,48,9,1.0,1.0,1.0,LINGpu,1162.0
10707,147,54,242,1.0,1.0,1.0,LINGmo,1163.0
10708,48,95,59,1.0,1.0,1.0,CENT2gr,1164.0
10709,202,129,36,1.0,1.0,1.0,CENT2pu,1165.0
10710,16,77,65,1.0,1.0,1.0,CENT2mo,1166.0
10711,54,63,206,1.0,1.0,1.0,CENT3gr,1167.0
10712,235,165,90,1.0,1.0,1.0,CENT3pu,1168.0
10713,125,80,218,1.0,1.0,1.0,CENT3mo,1169.0
10714,143,188,75,1.0,1.0,1.0,CUL4gr,1170.0
10715,209,62,113,1.0,1.0,1.0,CUL4pu,1171.0
10716,94,20,232,1.0,1.0,1.0,CUL4mo,1172.0
10717,160,149,180,1.0,1.0,1.0,CUL5gr,1173.0
10718,222,138,233,1.0,1.0,1.0,CUL5pu,1174.0
10719,50,161,113,1.0,1.0,1.0,CUL5mo,1175.0
10720,113,223,61,1.0,1.0,1.0,"CUL4, 5gr",1176.0
10721,1,88,3,1.0,1.0,1.0,"CUL4, 5pu",1177.0
10722,214,33,67,1.0,1.0,1.0,"CUL4, 5mo",1178.0
10723,14,68,102,1.0,1.0,1.0,DECgr,1179.0
10724,113,185,67,1.0,1.0,1.0,DECpu,1180.0
10725,50,145,32,1.0,1.0,1.0,DECmo,1181.0
10726,43,104,15,1.0,1.0,1.0,FOTUgr,1182.0
10727,252,189,254,1.0,1.0,1.0,FOTUpu,1183.0
10728,248,218,240,1.0,1.0,1.0,FOTUmo,1184.0
10729,82,6,47,1.0,1.0,1.0,PYRgr,1185.0
10730,119,25,101,1.0,1.0,1.0,PYRpu,1186.0
10731,94,165,46,1.0,1.0,1.0,PYRmo,1187.0
10732,126,111,97,1.0,1.0,1.0,UVUgr,1188.0
10733,211,38,74,1.0,1.0,1.0,UVUpu,1189.0
10734,111,30,39,1.0,1.0,1.0,UVUmo,1190.0
10735,188,237,227,1.0,1.0,1.0,NODgr,1191.0
10736,221,45,54,1.0,1.0,1.0,NODpu,1192.0
10737,138,215,177,1.0,1.0,1.0,NODmo,1193.0
12993,52,34,196,1.0,1.0,1.0,SS1,1194.0
12994,7,27,105,1.0,1.0,1.0,SS2/3,1195.0
12995,44,28,41,1.0,1.0,1.0,SS4,1196.0
12996,221,16,141,1.0,1.0,1.0,SS5,1197.0
12997,6,182,57,1.0,1.0,1.0,SS6a,1198.0
12998,156,213,87,1.0,1.0,1.0,SS6b,1199.0
182305689,100,33,26,1.0,1.0,1.0,SSp-un,1200.0
182305693,246,156,164,1.0,1.0,1.0,SSp-un1,1201.0
182305697,101,9,211,1.0,1.0,1.0,SSp-un2/3,1202.0
182305701,7,106,118,1.0,1.0,1.0,SSp-un4,1203.0
182305705,113,52,137,1.0,1.0,1.0,SSp-un5,1204.0
182305709,72,113,173,1.0,1.0,1.0,SSp-un6a,1205.0
182305713,167,244,92,1.0,1.0,1.0,SSp-un6b,1206.0
304325711,104,5,46,1.0,1.0,1.0,retina,1207.0
312782546,21,74,191,1.0,1.0,1.0,VISa,1208.0
312782550,180,181,202,1.0,1.0,1.0,VISa1,1209.0
312782554,123,233,151,1.0,1.0,1.0,VISa2/3,1210.0
312782558,56,127,162,1.0,1.0,1.0,VISa4,1211.0
312782562,193,62,67,1.0,1.0,1.0,VISa5,1212.0
312782566,158,8,126,1.0,1.0,1.0,VISa6a,1213.0
312782570,207,49,31,1.0,1.0,1.0,VISa6b,1214.0
312782574,198,54,121,1.0,1.0,1.0,VISli,1215.0
312782578,217,126,97,1.0,1.0,1.0,VISli1,1216.0
312782582,162,141,96,1.0,1.0,1.0,VISli2/3,1217.0
312782586,229,172,225,1.0,1.0,1.0,VISli4,1218.0
312782590,180,57,11,1.0,1.0,1.0,VISli5,1219.0
312782594,35,241,23,1.0,1.0,1.0,VISli6a,1220.0
312782598,82,234,9,1.0,1.0,1.0,VISli6b,1221.0
312782604,68,59,4,1.0,1.0,1.0,VISrl1,1222.0
312782608,146,68,174,1.0,1.0,1.0,VISrl2/3,1223.0
312782612,83,75,136,1.0,1.0,1.0,VISrl4,1224.0
312782616,149,186,122,1.0,1.0,1.0,VISrl5,1225.0
312782620,166,232,127,1.0,1.0,1.0,VISrl6a,1226.0
312782624,131,50,39,1.0,1.0,1.0,VISrl6b,1227.0
312782628,12,11,168,1.0,1.0,1.0,VISpor,1228.0
312782632,53,98,188,1.0,1.0,1.0,VISpor1,1229.0
312782636,21,221,221,1.0,1.0,1.0,VISpor2/3,1230.0
312782640,95,59,211,1.0,1.0,1.0,VISpor4,1231.0
312782644,7,220,187,1.0,1.0,1.0,VISpor5,1232.0
312782648,22,168,44,1.0,1.0,1.0,VISpor6a,1233.0
312782652,58,162,72,1.0,1.0,1.0,VISpor6b,1234.0
480149202,36,206,205,1.0,1.0,1.0,VISrll,1235.0
480149206,63,209,152,1.0,1.0,1.0,VISrll1,1236.0
480149210,122,145,13,1.0,1.0,1.0,VISrll2/3,1237.0
480149214,66,143,206,1.0,1.0,1.0,VISrll4,1238.0
480149218,180,193,233,1.0,1.0,1.0,VISrll5,1239.0
480149222,231,50,196,1.0,1.0,1.0,VISrll6a,1240.0
480149226,226,216,234,1.0,1.0,1.0,VISrll6b,1241.0
480149230,206,196,187,1.0,1.0,1.0,VISlla,1242.0
480149234,31,93,221,1.0,1.0,1.0,VISlla1,1243.0
480149238,191,209,156,1.0,1.0,1.0,VISlla2/3,1244.0
480149242,1,55,70,1.0,1.0,1.0,VISlla4,1245.0
480149246,37,32,81,1.0,1.0,1.0,VISlla5,1246.0
480149250,77,234,201,1.0,1.0,1.0,VISlla6a,1247.0
480149254,162,65,100,1.0,1.0,1.0,VISlla6b,1248.0
480149258,170,17,30,1.0,1.0,1.0,VISmma,1249.0
480149262,86,59,151,1.0,1.0,1.0,VISmma1,1250.0
480149266,139,77,20,1.0,1.0,1.0,VISmma2/3,1251.0
480149270,96,190,162,1.0,1.0,1.0,VISmma4,1252.0
480149274,244,34,225,1.0,1.0,1.0,VISmma5,1253.0
480149278,239,44,165,1.0,1.0,1.0,VISmma6a,1254.0
480149282,146,104,187,1.0,1.0,1.0,VISmma6b,1255.0
480149286,107,151,172,1.0,1.0,1.0,VISmmp,1256.0
480149290,46,136,65,1.0,1.0,1.0,VISmmp1,1257.0
480149294,42,1,184,1.0,1.0,1.0,VISmmp2/3,1258.0
480149298,115,79,184,1.0,1.0,1.0,VISmmp4,1259.0
480149302,242,69,229,1.0,1.0,1.0,VISmmp5,1260.0
480149306,99,168,89,1.0,1.0,1.0,VISmmp6a,1261.0
480149310,235,39,172,1.0,1.0,1.0,VISmmp6b,1262.0
480149314,94,106,59,1.0,1.0,1.0,VISm,1263.0
480149318,131,147,19,1.0,1.0,1.0,VISm1,1264.0
480149322,144,29,124,1.0,1.0,1.0,VISm2/3,1265.0
480149326,222,146,203,1.0,1.0,1.0,VISm4,1266.0
480149330,84,189,49,1.0,1.0,1.0,VISm5,1267.0
480149334,217,89,56,1.0,1.0,1.0,VISm6a,1268.0
480149338,82,99,186,1.0,1.0,1.0,VISm6b,1269.0
484682470,211,103,156,1.0,1.0,1.0,ProS,1270.0
484682475,73,26,12,1.0,1.0,1.0,ProSd,1271.0
484682479,214,73,73,1.0,1.0,1.0,ProSd-m,1272.0
484682483,78,132,252,1.0,1.0,1.0,ProSd-sp,1273.0
484682487,82,147,52,1.0,1.0,1.0,ProSd-sr,1274.0
484682492,188,236,190,1.0,1.0,1.0,ProSv,1275.0
484682496,2,205,195,1.0,1.0,1.0,ProSv-m,1276.0
484682500,60,6,189,1.0,1.0,1.0,ProSv-sp,1277.0
484682504,42,149,90,1.0,1.0,1.0,Prosv-sr,1278.0
484682508,241,174,245,1.0,1.0,1.0,APr,1279.0
484682512,25,224,182,1.0,1.0,1.0,scwm,1280.0
484682516,7,135,129,1.0,1.0,1.0,ccb,1281.0
484682520,82,171,168,1.0,1.0,1.0,or,1282.0
484682524,145,156,130,1.0,1.0,1.0,ar,1283.0
484682528,170,199,77,1.0,1.0,1.0,stc,1284.0
496345664,162,223,228,1.0,1.0,1.0,LGd-sh,1285.0
496345668,85,73,94,1.0,1.0,1.0,LGd-co,1286.0
496345672,92,45,167,1.0,1.0,1.0,LGd-ip,1287.0
526157192,77,201,103,1.0,1.0,1.0,FRP5,1288.0
526157196,229,192,116,1.0,1.0,1.0,FRP6a,1289.0
526322264,100,223,146,1.0,1.0,1.0,FRP6b,1290.0
527696977,201,115,40,1.0,1.0,1.0,ORBm6b,1291.0
549009199,220,208,119,1.0,1.0,1.0,LSS,1292.0
549009203,158,154,226,1.0,1.0,1.0,RPF,1293.0
549009207,71,130,122,1.0,1.0,1.0,InCo,1294.0
549009211,205,150,224,1.0,1.0,1.0,MA3,1295.0
549009215,203,98,18,1.0,1.0,1.0,P5,1296.0
549009219,63,140,133,1.0,1.0,1.0,Acs5,1297.0
549009223,144,136,52,1.0,1.0,1.0,PC5,1298.0
549009227,83,190,194,1.0,1.0,1.0,I5,1299.0
560581551,98,1,146,1.0,1.0,1.0,Eth,1300.0
560581555,148,62,164,1.0,1.0,1.0,REth,1301.0
560581559,24,91,121,1.0,1.0,1.0,Xi,1302.0
560581563,189,171,43,1.0,1.0,1.0,PIL,1303.0
563807435,116,210,168,1.0,1.0,1.0,PoT,1304.0
563807439,64,176,54,1.0,1.0,1.0,IntG,1305.0
576073699,188,14,190,1.0,1.0,1.0,VMPO,1306.0
576073704,117,253,191,1.0,1.0,1.0,PeF,1307.0
589508447,181,38,206,1.0,1.0,1.0,HATA,1308.0
589508451,61,217,136,1.0,1.0,1.0,Pa5,1309.0
589508455,149,235,252,1.0,1.0,1.0,VeCB,1310.0
599626923,8,125,240,1.0,1.0,1.0,SCO,1311.0
599626927,123,208,45,1.0,1.0,1.0,PDTg,1312.0
606826647,119,78,176,1.0,1.0,1.0,MMl,1313.0
606826651,78,10,28,1.0,1.0,1.0,MMm,1314.0
606826655,92,236,23,1.0,1.0,1.0,MMp,1315.0
606826659,249,73,179,1.0,1.0,1.0,MMd,1316.0
606826663,247,145,28,1.0,1.0,1.0,Pa4,1317.0
607344830,95,83,50,1.0,1.0,1.0,PN,1318.0
607344834,37,180,73,1.0,1.0,1.0,IPR,1319.0
607344838,59,118,147,1.0,1.0,1.0,IPC,1320.0
607344842,106,74,141,1.0,1.0,1.0,IPA,1321.0
607344846,119,83,96,1.0,1.0,1.0,IPL,1322.0
607344850,119,95,65,1.0,1.0,1.0,IPI,1323.0
607344854,7,73,191,1.0,1.0,1.0,IPDM,1324.0
607344858,187,228,175,1.0,1.0,1.0,IPDL,1325.0
607344862,224,228,204,1.0,1.0,1.0,IPRL,1326.0
614454277,214,229,231,1.0,1.0,1.0,Su3,1327.0
0,255,255,255,1.0,1.0,1.0,background,
